image,
rusted_9796ce55ec7608a2-1.jpg,1
rusted_9796ce55ec7608a2-2.jpg,1
rusted_9796ce55ec7608a2-3.jpg,1
rusted_9796ce55ec7608a2-4.jpg,1
rusted_9796ce55ec7608a2-5.jpg,1
rusted_9796ce55ec7608a2-6.jpg,1
rusted_9796ce55ec7608a2-7.jpg,1
rusted_9796ce55ec7608a2-8.jpg,1
rusted_9796ce55ec7608a2-9.jpg,1
rusted_9796ce55ec7608a2-10.jpg,1
rusted_9894ad9bae345365-1.jpg,1
rusted_9894ad9bae345365-2.jpg,1
rusted_9894ad9bae345365-3.jpg,1
rusted_9894ad9bae345365-4.jpg,1
rusted_9894ad9bae345365-5.jpg,1
rusted_9894ad9bae345365-6.jpg,1
rusted_9894ad9bae345365-7.jpg,1
rusted_9894ad9bae345365-8.jpg,1
rusted_9894ad9bae345365-9.jpg,1
rusted_9894ad9bae345365-10.jpg,1
rusted_9896e006e936fe8b-1.jpg,1
rusted_9896e006e936fe8b-2.jpg,1
rusted_9896e006e936fe8b-3.jpg,1
rusted_9896e006e936fe8b-4.jpg,1
rusted_9896e006e936fe8b-5.jpg,1
rusted_9896e006e936fe8b-6.jpg,1
rusted_9896e006e936fe8b-7.jpg,1
rusted_9896e006e936fe8b-8.jpg,1
rusted_9896e006e936fe8b-9.jpg,1
rusted_9896e006e936fe8b-10.jpg,1
rusted_80933fcc6a673636-1.jpg,1
rusted_80933fcc6a673636-2.jpg,1
rusted_80933fcc6a673636-3.jpg,1
rusted_80933fcc6a673636-4.jpg,1
rusted_80933fcc6a673636-5.jpg,1
rusted_80933fcc6a673636-6.jpg,1
rusted_80933fcc6a673636-7.jpg,1
rusted_80933fcc6a673636-8.jpg,1
rusted_80933fcc6a673636-9.jpg,1
rusted_80933fcc6a673636-10.jpg,1
rusted_82798f32ab063ecd-1.jpg,1
rusted_82798f32ab063ecd-2.jpg,1
rusted_82798f32ab063ecd-3.jpg,1
rusted_82798f32ab063ecd-4.jpg,1
rusted_82798f32ab063ecd-5.jpg,1
rusted_82798f32ab063ecd-6.jpg,1
rusted_82798f32ab063ecd-7.jpg,1
rusted_82798f32ab063ecd-8.jpg,1
rusted_82798f32ab063ecd-9.jpg,1
rusted_82798f32ab063ecd-10.jpg,1
rusted_85922d3ebe65d8a1-1.jpg,1
rusted_85922d3ebe65d8a1-2.jpg,1
rusted_85922d3ebe65d8a1-3.jpg,1
rusted_85922d3ebe65d8a1-4.jpg,1
rusted_85922d3ebe65d8a1-5.jpg,1
rusted_85922d3ebe65d8a1-6.jpg,1
rusted_85922d3ebe65d8a1-7.jpg,1
rusted_85922d3ebe65d8a1-8.jpg,1
rusted_85922d3ebe65d8a1-9.jpg,1
rusted_85922d3ebe65d8a1-10.jpg,1
rusted_85947d1e914af03f-1.jpg,1
rusted_85947d1e914af03f-2.jpg,1
rusted_85947d1e914af03f-3.jpg,1
rusted_85947d1e914af03f-4.jpg,1
rusted_85947d1e914af03f-5.jpg,1
rusted_85947d1e914af03f-6.jpg,1
rusted_85947d1e914af03f-7.jpg,1
rusted_85947d1e914af03f-8.jpg,1
rusted_85947d1e914af03f-9.jpg,1
rusted_85947d1e914af03f-10.jpg,1
rusted_87831fd7b52e0274-1.jpg,1
rusted_87831fd7b52e0274-2.jpg,1
rusted_87831fd7b52e0274-3.jpg,1
rusted_87831fd7b52e0274-4.jpg,1
rusted_87831fd7b52e0274-5.jpg,1
rusted_87831fd7b52e0274-6.jpg,1
rusted_87831fd7b52e0274-7.jpg,1
rusted_87831fd7b52e0274-8.jpg,1
rusted_87831fd7b52e0274-9.jpg,1
rusted_87831fd7b52e0274-10.jpg,1
rusted_90988d2f3ef8f063-1.jpg,1
rusted_90988d2f3ef8f063-2.jpg,1
rusted_90988d2f3ef8f063-3.jpg,1
rusted_90988d2f3ef8f063-4.jpg,1
rusted_90988d2f3ef8f063-5.jpg,1
rusted_90988d2f3ef8f063-6.jpg,1
rusted_90988d2f3ef8f063-7.jpg,1
rusted_90988d2f3ef8f063-8.jpg,1
rusted_90988d2f3ef8f063-9.jpg,1
rusted_90988d2f3ef8f063-10.jpg,1
rusted_97096a398d55d44f-1.jpg,1
rusted_97096a398d55d44f-2.jpg,1
rusted_97096a398d55d44f-3.jpg,1
rusted_97096a398d55d44f-4.jpg,1
rusted_97096a398d55d44f-5.jpg,1
rusted_97096a398d55d44f-6.jpg,1
rusted_97096a398d55d44f-7.jpg,1
rusted_97096a398d55d44f-8.jpg,1
rusted_97096a398d55d44f-9.jpg,1
rusted_97096a398d55d44f-10.jpg,1
rusted_99996f8d81594a3e-1.jpg,1
rusted_99996f8d81594a3e-2.jpg,1
rusted_99996f8d81594a3e-3.jpg,1
rusted_99996f8d81594a3e-4.jpg,1
rusted_99996f8d81594a3e-5.jpg,1
rusted_99996f8d81594a3e-6.jpg,1
rusted_99996f8d81594a3e-7.jpg,1
rusted_99996f8d81594a3e-8.jpg,1
rusted_99996f8d81594a3e-9.jpg,1
rusted_99996f8d81594a3e-10.jpg,1
rusted_807947b90eb77856-1.jpg,1
rusted_807947b90eb77856-2.jpg,1
rusted_807947b90eb77856-3.jpg,1
rusted_807947b90eb77856-4.jpg,1
rusted_807947b90eb77856-5.jpg,1
rusted_807947b90eb77856-6.jpg,1
rusted_807947b90eb77856-7.jpg,1
rusted_807947b90eb77856-8.jpg,1
rusted_807947b90eb77856-9.jpg,1
rusted_807947b90eb77856-10.jpg,1
rusted_837449e974cb39c5-1.jpg,1
rusted_837449e974cb39c5-2.jpg,1
rusted_837449e974cb39c5-3.jpg,1
rusted_837449e974cb39c5-4.jpg,1
rusted_837449e974cb39c5-5.jpg,1
rusted_837449e974cb39c5-6.jpg,1
rusted_837449e974cb39c5-7.jpg,1
rusted_837449e974cb39c5-8.jpg,1
rusted_837449e974cb39c5-9.jpg,1
rusted_837449e974cb39c5-10.jpg,1
rusted_850367cf187768d6-1.jpg,1
rusted_850367cf187768d6-2.jpg,1
rusted_850367cf187768d6-3.jpg,1
rusted_850367cf187768d6-4.jpg,1
rusted_850367cf187768d6-5.jpg,1
rusted_850367cf187768d6-6.jpg,1
rusted_850367cf187768d6-7.jpg,1
rusted_850367cf187768d6-8.jpg,1
rusted_850367cf187768d6-9.jpg,1
rusted_850367cf187768d6-10.jpg,1
rusted_856339e4d939c6d8-1.jpg,1
rusted_856339e4d939c6d8-2.jpg,1
rusted_856339e4d939c6d8-3.jpg,1
rusted_856339e4d939c6d8-4.jpg,1
rusted_856339e4d939c6d8-5.jpg,1
rusted_856339e4d939c6d8-6.jpg,1
rusted_856339e4d939c6d8-7.jpg,1
rusted_856339e4d939c6d8-8.jpg,1
rusted_856339e4d939c6d8-9.jpg,1
rusted_856339e4d939c6d8-10.jpg,1
rusted_873407b3fe462935-1.jpg,1
rusted_873407b3fe462935-2.jpg,1
rusted_873407b3fe462935-3.jpg,1
rusted_873407b3fe462935-4.jpg,1
rusted_873407b3fe462935-5.jpg,1
rusted_873407b3fe462935-6.jpg,1
rusted_873407b3fe462935-7.jpg,1
rusted_873407b3fe462935-8.jpg,1
rusted_873407b3fe462935-9.jpg,1
rusted_873407b3fe462935-10.jpg,1
rusted_888878ec8df5f0f4-1.jpg,1
rusted_888878ec8df5f0f4-2.jpg,1
rusted_888878ec8df5f0f4-3.jpg,1
rusted_888878ec8df5f0f4-4.jpg,1
rusted_888878ec8df5f0f4-5.jpg,1
rusted_888878ec8df5f0f4-6.jpg,1
rusted_888878ec8df5f0f4-7.jpg,1
rusted_888878ec8df5f0f4-8.jpg,1
rusted_888878ec8df5f0f4-9.jpg,1
rusted_888878ec8df5f0f4-10.jpg,1
rusted_908749cd1f2be553-1.jpg,1
rusted_908749cd1f2be553-2.jpg,1
rusted_908749cd1f2be553-3.jpg,1
rusted_908749cd1f2be553-4.jpg,1
rusted_908749cd1f2be553-5.jpg,1
rusted_908749cd1f2be553-6.jpg,1
rusted_908749cd1f2be553-7.jpg,1
rusted_908749cd1f2be553-8.jpg,1
rusted_908749cd1f2be553-9.jpg,1
rusted_908749cd1f2be553-10.jpg,1
rusted_949437f0688be73a-1.jpg,1
rusted_949437f0688be73a-2.jpg,1
rusted_949437f0688be73a-3.jpg,1
rusted_949437f0688be73a-4.jpg,1
rusted_949437f0688be73a-5.jpg,1
rusted_949437f0688be73a-6.jpg,1
rusted_949437f0688be73a-7.jpg,1
rusted_949437f0688be73a-8.jpg,1
rusted_949437f0688be73a-9.jpg,1
rusted_949437f0688be73a-10.jpg,1
rusted_955268d26a7295e7-1.jpg,1
rusted_955268d26a7295e7-2.jpg,1
rusted_955268d26a7295e7-3.jpg,1
rusted_955268d26a7295e7-4.jpg,1
rusted_955268d26a7295e7-5.jpg,1
rusted_955268d26a7295e7-6.jpg,1
rusted_955268d26a7295e7-7.jpg,1
rusted_955268d26a7295e7-8.jpg,1
rusted_955268d26a7295e7-9.jpg,1
rusted_955268d26a7295e7-10.jpg,1
rusted_961668add989db16-1.jpg,1
rusted_961668add989db16-2.jpg,1
rusted_961668add989db16-3.jpg,1
rusted_961668add989db16-4.jpg,1
rusted_961668add989db16-5.jpg,1
rusted_961668add989db16-6.jpg,1
rusted_961668add989db16-7.jpg,1
rusted_961668add989db16-8.jpg,1
rusted_961668add989db16-9.jpg,1
rusted_961668add989db16-10.jpg,1
rusted_8161733dfc3c1c65-1.jpg,1
rusted_8161733dfc3c1c65-2.jpg,1
rusted_8161733dfc3c1c65-3.jpg,1
rusted_8161733dfc3c1c65-4.jpg,1
rusted_8161733dfc3c1c65-5.jpg,1
rusted_8161733dfc3c1c65-6.jpg,1
rusted_8161733dfc3c1c65-7.jpg,1
rusted_8161733dfc3c1c65-8.jpg,1
rusted_8161733dfc3c1c65-9.jpg,1
rusted_8161733dfc3c1c65-10.jpg,1
rusted_83705953c74517d7-1.jpg,1
rusted_83705953c74517d7-2.jpg,1
rusted_83705953c74517d7-3.jpg,1
rusted_83705953c74517d7-4.jpg,1
rusted_83705953c74517d7-5.jpg,1
rusted_83705953c74517d7-6.jpg,1
rusted_83705953c74517d7-7.jpg,1
rusted_83705953c74517d7-8.jpg,1
rusted_83705953c74517d7-9.jpg,1
rusted_83705953c74517d7-10.jpg,1
rusted_85806940f76d779e-1.jpg,1
rusted_85806940f76d779e-2.jpg,1
rusted_85806940f76d779e-3.jpg,1
rusted_85806940f76d779e-4.jpg,1
rusted_85806940f76d779e-5.jpg,1
rusted_85806940f76d779e-6.jpg,1
rusted_85806940f76d779e-7.jpg,1
rusted_85806940f76d779e-8.jpg,1
rusted_85806940f76d779e-9.jpg,1
rusted_85806940f76d779e-10.jpg,1
rusted_98779993c891e48f-1.jpg,1
rusted_98779993c891e48f-2.jpg,1
rusted_98779993c891e48f-3.jpg,1
rusted_98779993c891e48f-4.jpg,1
rusted_98779993c891e48f-5.jpg,1
rusted_98779993c891e48f-6.jpg,1
rusted_98779993c891e48f-7.jpg,1
rusted_98779993c891e48f-8.jpg,1
rusted_98779993c891e48f-9.jpg,1
rusted_98779993c891e48f-10.jpg,1
rusted_a0ab4fa09d1f0bf1-1.jpg,1
rusted_a0ab4fa09d1f0bf1-2.jpg,1
rusted_a0ab4fa09d1f0bf1-3.jpg,1
rusted_a0ab4fa09d1f0bf1-4.jpg,1
rusted_a0ab4fa09d1f0bf1-5.jpg,1
rusted_a0ab4fa09d1f0bf1-6.jpg,1
rusted_a0ab4fa09d1f0bf1-7.jpg,1
rusted_a0ab4fa09d1f0bf1-8.jpg,1
rusted_a0ab4fa09d1f0bf1-9.jpg,1
rusted_a0ab4fa09d1f0bf1-10.jpg,1
rusted_a0b68cdb94dd8356-1.jpg,1
rusted_a0b68cdb94dd8356-2.jpg,1
rusted_a0b68cdb94dd8356-3.jpg,1
rusted_a0b68cdb94dd8356-4.jpg,1
rusted_a0b68cdb94dd8356-5.jpg,1
rusted_a0b68cdb94dd8356-6.jpg,1
rusted_a0b68cdb94dd8356-7.jpg,1
rusted_a0b68cdb94dd8356-8.jpg,1
rusted_a0b68cdb94dd8356-9.jpg,1
rusted_a0b68cdb94dd8356-10.jpg,1
rusted_a0dadb96b1ab22e8-1.jpg,1
rusted_a0dadb96b1ab22e8-2.jpg,1
rusted_a0dadb96b1ab22e8-3.jpg,1
rusted_a0dadb96b1ab22e8-4.jpg,1
rusted_a0dadb96b1ab22e8-5.jpg,1
rusted_a0dadb96b1ab22e8-6.jpg,1
rusted_a0dadb96b1ab22e8-7.jpg,1
rusted_a0dadb96b1ab22e8-8.jpg,1
rusted_a0dadb96b1ab22e8-9.jpg,1
rusted_a0dadb96b1ab22e8-10.jpg,1
rusted_a0ded23d382532f3-1.jpg,1
rusted_a0ded23d382532f3-2.jpg,1
rusted_a0ded23d382532f3-3.jpg,1
rusted_a0ded23d382532f3-4.jpg,1
rusted_a0ded23d382532f3-5.jpg,1
rusted_a0ded23d382532f3-6.jpg,1
rusted_a0ded23d382532f3-7.jpg,1
rusted_a0ded23d382532f3-8.jpg,1
rusted_a0ded23d382532f3-9.jpg,1
rusted_a0ded23d382532f3-10.jpg,1
rusted_a0e33c9d0c7792e9-1.jpg,1
rusted_a0e33c9d0c7792e9-2.jpg,1
rusted_a0e33c9d0c7792e9-3.jpg,1
rusted_a0e33c9d0c7792e9-4.jpg,1
rusted_a0e33c9d0c7792e9-5.jpg,1
rusted_a0e33c9d0c7792e9-6.jpg,1
rusted_a0e33c9d0c7792e9-7.jpg,1
rusted_a0e33c9d0c7792e9-8.jpg,1
rusted_a0e33c9d0c7792e9-9.jpg,1
rusted_a0e33c9d0c7792e9-10.jpg,1
rusted_a01a8fe2f81f99f0-1.jpg,1
rusted_a01a8fe2f81f99f0-2.jpg,1
rusted_a01a8fe2f81f99f0-3.jpg,1
rusted_a01a8fe2f81f99f0-4.jpg,1
rusted_a01a8fe2f81f99f0-5.jpg,1
rusted_a01a8fe2f81f99f0-6.jpg,1
rusted_a01a8fe2f81f99f0-7.jpg,1
rusted_a01a8fe2f81f99f0-8.jpg,1
rusted_a01a8fe2f81f99f0-9.jpg,1
rusted_a01a8fe2f81f99f0-10.jpg,1
rusted_a1c2cbf94c4e0f0f-1.jpg,1
rusted_a1c2cbf94c4e0f0f-2.jpg,1
rusted_a1c2cbf94c4e0f0f-3.jpg,1
rusted_a1c2cbf94c4e0f0f-4.jpg,1
rusted_a1c2cbf94c4e0f0f-5.jpg,1
rusted_a1c2cbf94c4e0f0f-6.jpg,1
rusted_a1c2cbf94c4e0f0f-7.jpg,1
rusted_a1c2cbf94c4e0f0f-8.jpg,1
rusted_a1c2cbf94c4e0f0f-9.jpg,1
rusted_a1c2cbf94c4e0f0f-10.jpg,1
rusted_a1c9e1804fbc377c-1.jpg,1
rusted_a1c9e1804fbc377c-2.jpg,1
rusted_a1c9e1804fbc377c-3.jpg,1
rusted_a1c9e1804fbc377c-4.jpg,1
rusted_a1c9e1804fbc377c-5.jpg,1
rusted_a1c9e1804fbc377c-6.jpg,1
rusted_a1c9e1804fbc377c-7.jpg,1
rusted_a1c9e1804fbc377c-8.jpg,1
rusted_a1c9e1804fbc377c-9.jpg,1
rusted_a1c9e1804fbc377c-10.jpg,1
rusted_a1f1d19a74983d33-1.jpg,1
rusted_a1f1d19a74983d33-2.jpg,1
rusted_a1f1d19a74983d33-3.jpg,1
rusted_a1f1d19a74983d33-4.jpg,1
rusted_a1f1d19a74983d33-5.jpg,1
rusted_a1f1d19a74983d33-6.jpg,1
rusted_a1f1d19a74983d33-7.jpg,1
rusted_a1f1d19a74983d33-8.jpg,1
rusted_a1f1d19a74983d33-9.jpg,1
rusted_a1f1d19a74983d33-10.jpg,1
rusted_a1fe53b22b05d607-1.jpg,1
rusted_a1fe53b22b05d607-2.jpg,1
rusted_a1fe53b22b05d607-3.jpg,1
rusted_a1fe53b22b05d607-4.jpg,1
rusted_a1fe53b22b05d607-5.jpg,1
rusted_a1fe53b22b05d607-6.jpg,1
rusted_a1fe53b22b05d607-7.jpg,1
rusted_a1fe53b22b05d607-8.jpg,1
rusted_a1fe53b22b05d607-9.jpg,1
rusted_a1fe53b22b05d607-10.jpg,1
rusted_a2da383b31c99e65-1.jpg,1
rusted_a2da383b31c99e65-2.jpg,1
rusted_a2da383b31c99e65-3.jpg,1
rusted_a2da383b31c99e65-4.jpg,1
rusted_a2da383b31c99e65-5.jpg,1
rusted_a2da383b31c99e65-6.jpg,1
rusted_a2da383b31c99e65-7.jpg,1
rusted_a2da383b31c99e65-8.jpg,1
rusted_a2da383b31c99e65-9.jpg,1
rusted_a2da383b31c99e65-10.jpg,1
rusted_a2eb3d1c6010df73-1.jpg,1
rusted_a2eb3d1c6010df73-2.jpg,1
rusted_a2eb3d1c6010df73-3.jpg,1
rusted_a2eb3d1c6010df73-4.jpg,1
rusted_a2eb3d1c6010df73-5.jpg,1
rusted_a2eb3d1c6010df73-6.jpg,1
rusted_a2eb3d1c6010df73-7.jpg,1
rusted_a2eb3d1c6010df73-8.jpg,1
rusted_a2eb3d1c6010df73-9.jpg,1
rusted_a2eb3d1c6010df73-10.jpg,1
rusted_a3bec1c8cdb01ed2-1.jpg,1
rusted_a3bec1c8cdb01ed2-2.jpg,1
rusted_a3bec1c8cdb01ed2-3.jpg,1
rusted_a3bec1c8cdb01ed2-4.jpg,1
rusted_a3bec1c8cdb01ed2-5.jpg,1
rusted_a3bec1c8cdb01ed2-6.jpg,1
rusted_a3bec1c8cdb01ed2-7.jpg,1
rusted_a3bec1c8cdb01ed2-8.jpg,1
rusted_a3bec1c8cdb01ed2-9.jpg,1
rusted_a3bec1c8cdb01ed2-10.jpg,1
rusted_a3ebb2ab31622933-1.jpg,1
rusted_a3ebb2ab31622933-2.jpg,1
rusted_a3ebb2ab31622933-3.jpg,1
rusted_a3ebb2ab31622933-4.jpg,1
rusted_a3ebb2ab31622933-5.jpg,1
rusted_a3ebb2ab31622933-6.jpg,1
rusted_a3ebb2ab31622933-7.jpg,1
rusted_a3ebb2ab31622933-8.jpg,1
rusted_a3ebb2ab31622933-9.jpg,1
rusted_a3ebb2ab31622933-10.jpg,1
rusted_a03fcf005a91fab9-1.jpg,1
rusted_a03fcf005a91fab9-2.jpg,1
rusted_a03fcf005a91fab9-3.jpg,1
rusted_a03fcf005a91fab9-4.jpg,1
rusted_a03fcf005a91fab9-5.jpg,1
rusted_a03fcf005a91fab9-6.jpg,1
rusted_a03fcf005a91fab9-7.jpg,1
rusted_a03fcf005a91fab9-8.jpg,1
rusted_a03fcf005a91fab9-9.jpg,1
rusted_a03fcf005a91fab9-10.jpg,1
rusted_a4b48b5a5529776a-1.jpg,1
rusted_a4b48b5a5529776a-2.jpg,1
rusted_a4b48b5a5529776a-3.jpg,1
rusted_a4b48b5a5529776a-4.jpg,1
rusted_a4b48b5a5529776a-5.jpg,1
rusted_a4b48b5a5529776a-6.jpg,1
rusted_a4b48b5a5529776a-7.jpg,1
rusted_a4b48b5a5529776a-8.jpg,1
rusted_a4b48b5a5529776a-9.jpg,1
rusted_a4b48b5a5529776a-10.jpg,1
rusted_a4ba528c9d596f2c-1.jpg,1
rusted_a4ba528c9d596f2c-2.jpg,1
rusted_a4ba528c9d596f2c-3.jpg,1
rusted_a4ba528c9d596f2c-4.jpg,1
rusted_a4ba528c9d596f2c-5.jpg,1
rusted_a4ba528c9d596f2c-6.jpg,1
rusted_a4ba528c9d596f2c-7.jpg,1
rusted_a4ba528c9d596f2c-8.jpg,1
rusted_a4ba528c9d596f2c-9.jpg,1
rusted_a4ba528c9d596f2c-10.jpg,1
rusted_a4e5d2c88f25d935-1.jpg,1
rusted_a4e5d2c88f25d935-2.jpg,1
rusted_a4e5d2c88f25d935-3.jpg,1
rusted_a4e5d2c88f25d935-4.jpg,1
rusted_a4e5d2c88f25d935-5.jpg,1
rusted_a4e5d2c88f25d935-6.jpg,1
rusted_a4e5d2c88f25d935-7.jpg,1
rusted_a4e5d2c88f25d935-8.jpg,1
rusted_a4e5d2c88f25d935-9.jpg,1
rusted_a4e5d2c88f25d935-10.jpg,1
rusted_a4e689347133f98e-1.jpg,1
rusted_a4e689347133f98e-2.jpg,1
rusted_a4e689347133f98e-3.jpg,1
rusted_a4e689347133f98e-4.jpg,1
rusted_a4e689347133f98e-5.jpg,1
rusted_a4e689347133f98e-6.jpg,1
rusted_a4e689347133f98e-7.jpg,1
rusted_a4e689347133f98e-8.jpg,1
rusted_a4e689347133f98e-9.jpg,1
rusted_a4e689347133f98e-10.jpg,1
rusted_a5a9791e87b46c54-1.jpg,1
rusted_a5a9791e87b46c54-2.jpg,1
rusted_a5a9791e87b46c54-3.jpg,1
rusted_a5a9791e87b46c54-4.jpg,1
rusted_a5a9791e87b46c54-5.jpg,1
rusted_a5a9791e87b46c54-6.jpg,1
rusted_a5a9791e87b46c54-7.jpg,1
rusted_a5a9791e87b46c54-8.jpg,1
rusted_a5a9791e87b46c54-9.jpg,1
rusted_a5a9791e87b46c54-10.jpg,1
rusted_a5b63641aa3a65cd-1.jpg,1
rusted_a5b63641aa3a65cd-2.jpg,1
rusted_a5b63641aa3a65cd-3.jpg,1
rusted_a5b63641aa3a65cd-4.jpg,1
rusted_a5b63641aa3a65cd-5.jpg,1
rusted_a5b63641aa3a65cd-6.jpg,1
rusted_a5b63641aa3a65cd-7.jpg,1
rusted_a5b63641aa3a65cd-8.jpg,1
rusted_a5b63641aa3a65cd-9.jpg,1
rusted_a5b63641aa3a65cd-10.jpg,1
rusted_a5bdc9a0c1db328b-1.jpg,1
rusted_a5bdc9a0c1db328b-2.jpg,1
rusted_a5bdc9a0c1db328b-3.jpg,1
rusted_a5bdc9a0c1db328b-4.jpg,1
rusted_a5bdc9a0c1db328b-5.jpg,1
rusted_a5bdc9a0c1db328b-6.jpg,1
rusted_a5bdc9a0c1db328b-7.jpg,1
rusted_a5bdc9a0c1db328b-8.jpg,1
rusted_a5bdc9a0c1db328b-9.jpg,1
rusted_a5bdc9a0c1db328b-10.jpg,1
rusted_a5d042c32bc737ab-1.jpg,1
rusted_a5d042c32bc737ab-2.jpg,1
rusted_a5d042c32bc737ab-3.jpg,1
rusted_a5d042c32bc737ab-4.jpg,1
rusted_a5d042c32bc737ab-5.jpg,1
rusted_a5d042c32bc737ab-6.jpg,1
rusted_a5d042c32bc737ab-7.jpg,1
rusted_a5d042c32bc737ab-8.jpg,1
rusted_a5d042c32bc737ab-9.jpg,1
rusted_a5d042c32bc737ab-10.jpg,1
rusted_a5d82052b5abdf23-1.jpg,1
rusted_a5d82052b5abdf23-2.jpg,1
rusted_a5d82052b5abdf23-3.jpg,1
rusted_a5d82052b5abdf23-4.jpg,1
rusted_a5d82052b5abdf23-5.jpg,1
rusted_a5d82052b5abdf23-6.jpg,1
rusted_a5d82052b5abdf23-7.jpg,1
rusted_a5d82052b5abdf23-8.jpg,1
rusted_a5d82052b5abdf23-9.jpg,1
rusted_a5d82052b5abdf23-10.jpg,1
rusted_a5da9fba68c20e16-1.jpg,1
rusted_a5da9fba68c20e16-2.jpg,1
rusted_a5da9fba68c20e16-3.jpg,1
rusted_a5da9fba68c20e16-4.jpg,1
rusted_a5da9fba68c20e16-5.jpg,1
rusted_a5da9fba68c20e16-6.jpg,1
rusted_a5da9fba68c20e16-7.jpg,1
rusted_a5da9fba68c20e16-8.jpg,1
rusted_a5da9fba68c20e16-9.jpg,1
rusted_a5da9fba68c20e16-10.jpg,1