image,1
Healthy_80decb70b3295bb2.jpg,0
Healthy_80e2c3d2afc9782f.jpg,0
Healthy_80eb96948bd68f9a.jpg,0
Healthy_80f4549ce81eefe1.jpg,0
Healthy_80f515f574cb609e.jpg,0
Healthy_80f816d6cecb8b87.jpg,0
Healthy_81a0bf90db97946e.jpg,0
Healthy_81a569f5e71b3213.jpg,0
Healthy_81ae4e721bc9277a.jpg,0
Healthy_81b331e1c1720fdf.jpg,0
Healthy_81b3f17d0c24ff03.jpg,0
Healthy_81b61a9974673bcc.jpg,0
Healthy_81b637c03de1f899.jpg,0
Healthy_81b74b16fc89f80e.jpg,0
Healthy_81c303afa7d2c3ea.jpg,0
Healthy_81c6cacef9340f35.jpg,0
Healthy_81c6cfc6c8dc9ad8.jpg,0
Healthy_81cb3d2572b29b99.jpg,0
Healthy_81cf7d7854071753.jpg,0
Healthy_81d291cad9657d35.jpg,0
Healthy_81db1b3332a11b9f.jpg,0
Healthy_81ea6b2592e69697.jpg,0
Healthy_81f93115d0deb6a3.jpg,0
Healthy_81f98780ca8fcaed.jpg,0
Healthy_82ac2520151ffb7f.jpg,0
Healthy_82aeb5e4582fb2aa.jpg,0
Healthy_82b077dae06cab17.jpg,0
Healthy_82b632b2d96b496e.jpg,0
Healthy_82c6a1c4de8f58bd.jpg,0
Healthy_82c9939dd9c3e549.jpg,0
Healthy_82db97c102e8cf9d.jpg,0
Healthy_82dc2fe996bd420b.jpg,0
Healthy_82ec9b372f852f18.jpg,0
Healthy_82ee15ccbc7470cb.jpg,0
Healthy_82fc37c398513727.jpg,0
Healthy_83a65ed1d28e9d83.jpg,0
Healthy_83b24a7e2acb938d.jpg,0
Healthy_83ba98e3ad3c6872.jpg,0
Healthy_83cbdf3a6cd03606.jpg,0
Healthy_83cbdfdcc82c3c30.jpg,0
Healthy_83e163c3c17a1f39.jpg,0
Healthy_83e1bc9ee0f07865.jpg,0
Healthy_83e534c523eebab0.jpg,0
Healthy_83f6eb92b4a9a454.jpg,0
Healthy_83f7381b7cace01c.jpg,0
Healthy_83fc881f7353f026.jpg,0
Healthy_84a15c97cc9cff48.jpg,0
Healthy_84a39ee15eb5419e.jpg,0
Healthy_84a507f705587f78.jpg,0
Healthy_84b0d76a22257b6f.jpg,0
rusted_807947b90eb77856.jpg,1
rusted_80933fcc6a673636.jpg,1
rusted_8161733dfc3c1c65.jpg,1
rusted_82798f32ab063ecd.jpg,1
rusted_83705953c74517d7.jpg,1
rusted_837449e974cb39c5.jpg,1
rusted_850367cf187768d6.jpg,1
rusted_856339e4d939c6d8.jpg,1
rusted_85806940f76d779e.jpg,1
rusted_85922d3ebe65d8a1.jpg,1
rusted_85947d1e914af03f.jpg,1
rusted_873407b3fe462935.jpg,1
rusted_87831fd7b52e0274.jpg,1
rusted_888878ec8df5f0f4.jpg,1
rusted_908749cd1f2be553.jpg,1
rusted_90988d2f3ef8f063.jpg,1
rusted_949437f0688be73a.jpg,1
rusted_955268d26a7295e7.jpg,1
rusted_961668add989db16.jpg,1
rusted_97096a398d55d44f.jpg,1
rusted_9796ce55ec7608a2.jpg,1
rusted_98779993c891e48f.jpg,1
rusted_9894ad9bae345365.jpg,1
rusted_9896e006e936fe8b.jpg,1
rusted_99996f8d81594a3e.jpg,1
rusted_a01a8fe2f81f99f0.jpg,1
rusted_a03fcf005a91fab9.jpg,1
rusted_a0ab4fa09d1f0bf1.jpg,1
rusted_a0b68cdb94dd8356.jpg,1
rusted_a0dadb96b1ab22e8.jpg,1
rusted_a0ded23d382532f3.jpg,1
rusted_a0e33c9d0c7792e9.jpg,1
rusted_a1c2cbf94c4e0f0f.jpg,1
rusted_a1c9e1804fbc377c.jpg,1
rusted_a1f1d19a74983d33.jpg,1
rusted_a1fe53b22b05d607.jpg,1
rusted_a2da383b31c99e65.jpg,1
rusted_a2eb3d1c6010df73.jpg,1
rusted_a3bec1c8cdb01ed2.jpg,1
rusted_a3ebb2ab31622933.jpg,1
rusted_a4b48b5a5529776a.jpg,1
rusted_a4ba528c9d596f2c.jpg,1
rusted_a4e5d2c88f25d935.jpg,1
rusted_a4e689347133f98e.jpg,1
rusted_a5a9791e87b46c54.jpg,1
rusted_a5b63641aa3a65cd.jpg,1
rusted_a5bdc9a0c1db328b.jpg,1
rusted_a5d042c32bc737ab.jpg,1
rusted_a5d82052b5abdf23.jpg,1
rusted_a5da9fba68c20e16.jpg,1